"pw_PWY"	"Class"	"Class_2"	"PWY_ID"	"PWY_desc"
"2"	"1CMET2-PWY"	"Biosynthesis"	"Cofactor, Prosthetic Group, Electron Carrier, and Vitamin Biosynthesis"	"1CMET2-PWY"	"N10-formyl-tetrahydrofolate biosynthesis"
"1493"	"ANAEROFRUCAT-PWY"	"Generation of Precursor Metabolite and Energy"	"Fermentation"	"ANAEROFRUCAT-PWY"	"homolactic fermentation"
"1494"	"ANAGLYCOLYSIS-PWY"	"Generation of Precursor Metabolite and Energy"	"Glycolysis"	"ANAGLYCOLYSIS-PWY"	"glycolysis III (from glucose)"
"6"	"ARG+POLYAMINE-SYN"	"Biosynthesis"	"Amine and Polyamine Biosynthesis"	"ARG+POLYAMINE-SYN"	"superpathway of arginine and polyamine biosynthesis"
"775"	"ARGDEG-PWY"	"Degradation/Utilization/Assimilation"	"Amino Acid Degradation"	"ARGDEG-PWY"	"superpathway of L-arginine, putrescine, and 4-aminobutanoate degradation"
"NA"	"ARGININE-SYN4-PWY"	NA	NA	NA	NA
"8"	"ARGSYN-PWY"	"Biosynthesis"	"Amino Acid Biosynthesis"	"ARGSYN-PWY"	"L-arginine biosynthesis I (via L-ornithine)"
"9"	"ARGSYNBSUB-PWY"	"Biosynthesis"	"Amino Acid Biosynthesis"	"ARGSYNBSUB-PWY"	"L-arginine biosynthesis II (acetyl cycle)"
"10"	"ARO-PWY"	"Biosynthesis"	"Aromatic Compound Biosynthesis"	"ARO-PWY"	"chorismate biosynthesis I"
"14"	"ASPASN-PWY"	"Biosynthesis"	"Amino Acid Biosynthesis"	"ASPASN-PWY"	"superpathway of L-aspartate and L-asparagine biosynthesis"
"781"	"AST-PWY"	"Degradation/Utilization/Assimilation"	"Amino Acid Degradation"	"AST-PWY"	"L-arginine degradation II (AST pathway)"
"16"	"BIOTIN-BIOSYNTHESIS-PWY"	"Biosynthesis"	"Cofactor, Prosthetic Group, Electron Carrier, and Vitamin Biosynthesis"	"BIOTIN-BIOSYNTHESIS-PWY"	"biotin biosynthesis I"
"17"	"BRANCHED-CHAIN-AA-SYN-PWY"	"Biosynthesis"	"Amino Acid Biosynthesis"	"BRANCHED-CHAIN-AA-SYN-PWY"	"superpathway of branched chain amino acid biosynthesis"
"784"	"CALVIN-PWY"	"Degradation/Utilization/Assimilation"	"C1 Compound Utilization and Assimilation"	"CALVIN-PWY"	"Calvin-Benson-Bassham cycle"
"1495"	"CENTFERM-PWY"	"Generation of Precursor Metabolite and Energy"	"Fermentation"	"CENTFERM-PWY"	"pyruvate fermentation to butanoate"
"749"	"CITRULBIO-PWY"	"Biosynthesis "	"Amino Acid Biosynthesis"	"CITRULBIO-PWY"	" L-citrulline Biosynthesis "
"734"	"COA-PWY-1"	"Biosynthesis"	"Cofactor, Carrier, and Vitamin Biosynthesis"	"COA-PWY-1"	"Coenzyme A Biosynthesis (mammalian)"
"21"	"COA-PWY"	"Biosynthesis"	"Cofactor, Prosthetic Group, Electron Carrier, and Vitamin Biosynthesis"	"COA-PWY"	"coenzyme A biosynthesis I (prokaryotic)"
"22"	"COBALSYN-PWY"	"Biosynthesis"	"Cofactor, Prosthetic Group, Electron Carrier, and Vitamin Biosynthesis"	"COBALSYN-PWY"	"superpathway of adenosylcobalamin salvage from cobinamide I"
"23"	"COLANSYN-PWY"	"Biosynthesis"	"Carbohydrate Biosynthesis"	"COLANSYN-PWY"	"colanic acid building blocks biosynthesis"
"24"	"COMPLETE-ARO-PWY"	"Biosynthesis"	"Amino Acid Biosynthesis"	"COMPLETE-ARO-PWY"	"superpathway of aromatic amino acid biosynthesis"
"791"	"CRNFORCAT-PWY"	"Degradation/Utilization/Assimilation"	"Amine and Polyamine Degradation"	"CRNFORCAT-PWY"	"creatinine degradation I"
"26"	"DAPLYSINESYN-PWY"	"Biosynthesis"	"Amino Acid Biosynthesis"	"DAPLYSINESYN-PWY"	"L-lysine biosynthesis I"
"27"	"DENOVOPURINE2-PWY"	"Biosynthesis"	"Nucleoside and Nucleotide Biosynthesis"	"DENOVOPURINE2-PWY"	"superpathway of purine nucleotides de novo biosynthesis II"
"28"	"DTDPRHAMSYN-PWY"	"Biosynthesis"	"Carbohydrate Biosynthesis"	"DTDPRHAMSYN-PWY"	"dTDP-L-rhamnose biosynthesis"
"29"	"ECASYN-PWY"	"Biosynthesis"	"Cell Structure Biosynthesis"	"ECASYN-PWY"	"enterobacterial common antigen biosynthesis"
"30"	"ENTBACSYN-PWY"	"Biosynthesis"	"Secondary Metabolite Biosynthesis"	"ENTBACSYN-PWY"	"enterobactin biosynthesis"
"803"	"FAO-PWY"	"Degradation/Utilization/Assimilation"	"Fatty Acid and Lipid Degradation"	"FAO-PWY"	"fatty acid beta-oxidation I"
"31"	"FASYN-ELONG-PWY"	"Biosynthesis"	"Fatty Acid and Lipid Biosynthesis"	"FASYN-ELONG-PWY"	"fatty acid elongation -- saturated"
"32"	"FASYN-INITIAL-PWY"	"Biosynthesis"	"Fatty Acid and Lipid Biosynthesis"	"FASYN-INITIAL-PWY"	"superpathway of fatty acid biosynthesis initiation (E. coli)"
"1497"	"FERMENTATION-PWY"	"Generation of Precursor Metabolite and Energy"	"Fermentation"	"FERMENTATION-PWY"	"mixed acid fermentation"
"33"	"FOLSYN-PWY"	"Biosynthesis"	"Cofactor, Prosthetic Group, Electron Carrier, and Vitamin Biosynthesis"	"FOLSYN-PWY"	"superpathway of tetrahydrofolate biosynthesis and salvage"
"1668"	"FUC-RHAMCAT-PWY"	"Superpathways"	"superpathway of fucose and rhamnose degradation"	"FUC-RHAMCAT-PWY"	"superpathway of fucose and rhamnose degradation"
"807"	"FUCCAT-PWY"	"Degradation/Utilization/Assimilation"	"Carbohydrate Degradation"	"FUCCAT-PWY"	"fucose degradation"
"1669"	"GALACT-GLUCUROCAT-PWY"	"Superpathways"	"superpathway of hexuronide and hexuronate degradation"	"GALACT-GLUCUROCAT-PWY"	"superpathway of hexuronide and hexuronate degradation"
"808"	"GALACTARDEG-PWY"	"Degradation/Utilization/Assimilation"	"Secondary Metabolite Degradation"	"GALACTARDEG-PWY"	"D-galactarate degradation I"
"811"	"GALACTUROCAT-PWY"	"Degradation/Utilization/Assimilation"	"Secondary Metabolite Degradation"	"GALACTUROCAT-PWY"	"D-galacturonate degradation I"
"816"	"GLCMANNANAUT-PWY"	"Degradation/Utilization/Assimilation"	"Amine and Polyamine Degradation"	"GLCMANNANAUT-PWY"	"superpathway of N-acetylglucosamine, N-acetylmannosamine and N-acetylneuraminate degradation"
"819"	"GLUCARDEG-PWY"	"Degradation/Utilization/Assimilation"	"Secondary Metabolite Degradation"	"GLUCARDEG-PWY"	"D-glucarate degradation I"
"1670"	"GLUCARGALACTSUPER-PWY"	"Superpathways"	"superpathway of D-glucarate and D-galactarate degradation"	"GLUCARGALACTSUPER-PWY"	"superpathway of D-glucarate and D-galactarate degradation"
"35"	"GLUCONEO-PWY"	"Biosynthesis"	"Carbohydrate Biosynthesis"	"GLUCONEO-PWY"	"gluconeogenesis I"
"821"	"GLUCOSE1PMETAB-PWY"	"Degradation/Utilization/Assimilation"	"Carbohydrate Degradation"	"GLUCOSE1PMETAB-PWY"	"glucose and glucose-1-phosphate degradation"
"822"	"GLUCUROCAT-PWY"	"Degradation/Utilization/Assimilation"	"Secondary Metabolite Degradation"	"GLUCUROCAT-PWY"	"superpathway of beta-D-glucuronosides degradation"
"1469"	"GLUDEG-I-PWY"	"Degradation/Utilization/Assimilation"	"Amine and Polyamine Degradation"	"GLUDEG-I-PWY"	"GABA shunt"
"39"	"GLUTORN-PWY"	"Biosynthesis"	"Amino Acid Biosynthesis"	"GLUTORN-PWY"	"L-ornithine biosynthesis I"
"829"	"GLYCOCAT-PWY"	"Degradation/Utilization/Assimilation"	"Polymeric Compound Degradation"	"GLYCOCAT-PWY"	"glycogen degradation I"
"1651"	"GLYCOGENSYNTH-PWY"	"Glycan Pathways"	"Glycan Biosynthesis"	"GLYCOGENSYNTH-PWY"	"glycogen biosynthesis I (from ADP-D-Glucose)"
"830"	"GLYCOL-GLYOXDEG-PWY"	"Degradation/Utilization/Assimilation"	"Alcohol Degradation"	"GLYCOL-GLYOXDEG-PWY"	"superpathway of glycol metabolism and degradation"
"1671"	"GLYCOLYSIS-E-D"	"Superpathways"	"superpathway of glycolysis and the Entner-Doudoroff pathway"	"GLYCOLYSIS-E-D"	"superpathway of glycolysis and the Entner-Doudoroff pathway"
"1672"	"GLYCOLYSIS-TCA-GLYOX-BYPASS"	"Superpathways"	"superpathway of glycolysis, pyruvate dehydrogenase, TCA, and glyoxylate bypass"	"GLYCOLYSIS-TCA-GLYOX-BYPASS"	"superpathway of glycolysis, pyruvate dehydrogenase, TCA, and glyoxylate bypass"
"1499"	"GLYCOLYSIS"	"Generation of Precursor Metabolite and Energy"	"Glycolysis"	"GLYCOLYSIS"	"glycolysis I (from glucose 6-phosphate)"
"1500"	"GLYOXYLATE-BYPASS"	"Generation of Precursor Metabolite and Energy"	"glyoxylate cycle"	"GLYOXYLATE-BYPASS"	"glyoxylate cycle"
"833"	"GOLPDLCAT-PWY"	"Degradation/Utilization/Assimilation"	"Alcohol Degradation"	"GOLPDLCAT-PWY"	"superpathway of glycerol degradation to 1,3-propanediol"
"834"	"HCAMHPDEG-PWY"	"Degradation/Utilization/Assimilation"	"Aromatic Compound Degradation"	"HCAMHPDEG-PWY"	"3-phenylpropanoate and 3-(3-hydroxyphenyl)propanoate degradation to 2-hydroxypentadienoate"
"44"	"HEME-BIOSYNTHESIS-II"	"Biosynthesis"	"Cofactor, Prosthetic Group, Electron Carrier, and Vitamin Biosynthesis"	"HEME-BIOSYNTHESIS-II"	"heme b biosynthesis I (aerobic)"
"45"	"HEMESYN2-PWY"	"Biosynthesis"	"Cofactor, Prosthetic Group, Electron Carrier, and Vitamin Biosynthesis"	"HEMESYN2-PWY"	"heme b biosynthesis II (anaerobic)"
"835"	"HEXITOLDEGSUPER-PWY"	"Degradation/Utilization/Assimilation"	"Secondary Metabolite Degradation"	"HEXITOLDEGSUPER-PWY"	"superpathway of hexitol degradation (bacteria)"
"836"	"HISDEG-PWY"	"Degradation/Utilization/Assimilation"	"Amino Acid Degradation"	"HISDEG-PWY"	"L-histidine degradation I"
"47"	"HISTSYN-PWY"	"Biosynthesis"	"Amino Acid Biosynthesis"	"HISTSYN-PWY"	"L-histidine biosynthesis"
"48"	"HOMOSER-METSYN-PWY"	"Biosynthesis"	"Amino Acid Biosynthesis"	"HOMOSER-METSYN-PWY"	"L-methionine biosynthesis I"
"51"	"HSERMETANA-PWY"	"Biosynthesis"	"Amino Acid Biosynthesis"	"HSERMETANA-PWY"	"L-methionine biosynthesis III"
"52"	"ILEUSYN-PWY"	"Biosynthesis"	"Amino Acid Biosynthesis"	"ILEUSYN-PWY"	"L-isoleucine biosynthesis I (from threonine)"
"54"	"KDO-NAGLIPASYN-PWY"	"Biosynthesis"	"Cell Structure Biosynthesis"	"KDO-NAGLIPASYN-PWY"	"superpathway of (Kdo)2-lipid A biosynthesis"
"841"	"KETOGLUCONMET-PWY"	"Degradation/Utilization/Assimilation"	"Secondary Metabolite Degradation"	"KETOGLUCONMET-PWY"	"ketogluconate metabolism"
"842"	"LACTOSECAT-PWY"	"Degradation/Utilization/Assimilation"	"Carbohydrate Degradation"	"LACTOSECAT-PWY"	"lactose and galactose degradation I"
"1673"	"MET-SAM-PWY"	"Superpathways"	"superpathway of S-adenosyl-L-methionine biosynthesis"	"MET-SAM-PWY"	"superpathway of S-adenosyl-L-methionine biosynthesis"
"1502"	"METHANOGENESIS-PWY"	"Generation of Precursor Metabolite and Energy"	"Respiration"	"METHANOGENESIS-PWY"	"methanogenesis from H2 and CO2"
"NA.1"	"METSYN-PWY"	NA	NA	NA	NA
"60"	"NAD-BIOSYNTHESIS-II"	"Biosynthesis"	"Cofactor, Prosthetic Group, Electron Carrier, and Vitamin Biosynthesis"	"NAD-BIOSYNTHESIS-II"	"NAD salvage pathway III (to nicotinamide riboside)"
"65"	"NAGLIPASYN-PWY"	"Biosynthesis"	"Cell Structure Biosynthesis"	"NAGLIPASYN-PWY"	"lipid IVA biosynthesis"
"66"	"NONMEVIPP-PWY"	"Biosynthesis"	"Secondary Metabolite Biosynthesis"	"NONMEVIPP-PWY"	"methylerythritol phosphate pathway I"
"1504"	"NONOXIPENT-PWY"	"Generation of Precursor Metabolite and Energy"	"Pentose Phosphate Pathways"	"NONOXIPENT-PWY"	"pentose phosphate pathway (non-oxidative branch)"
"67"	"OANTIGEN-PWY"	"Biosynthesis"	"Carbohydrate Biosynthesis"	"OANTIGEN-PWY"	"O-antigen building blocks biosynthesis (E. coli)"
"861"	"ORNARGDEG-PWY"	"Degradation/Utilization/Assimilation"	"Amino Acid Degradation"	"ORNARGDEG-PWY"	"superpathway of L-arginine and L-ornithine degradation"
"1506"	"P105-PWY"	"Generation of Precursor Metabolite and Energy"	"TCA cycle"	"P105-PWY"	"TCA cycle IV (2-oxoglutarate decarboxylase)"
"1507"	"P108-PWY"	"Generation of Precursor Metabolite and Energy"	"Fermentation"	"P108-PWY"	"pyruvate fermentation to propanoate I"
"1508"	"P122-PWY"	"Generation of Precursor Metabolite and Energy"	"Fermentation"	"P122-PWY"	"heterolactic fermentation"
"1509"	"P124-PWY"	"Generation of Precursor Metabolite and Energy"	"Fermentation"	"P124-PWY"	"Bifidobacterium shunt"
"1512"	"P161-PWY"	"Generation of Precursor Metabolite and Energy"	"Fermentation"	"P161-PWY"	"acetylene degradation"
"1513"	"P162-PWY"	"Generation of Precursor Metabolite and Energy"	"Fermentation"	"P162-PWY"	"L-glutamate degradation V (via hydroxyglutarate)"
"864"	"P164-PWY"	"Degradation/Utilization/Assimilation"	"Nucleoside and Nucleotide Degradation"	"P164-PWY"	"purine nucleobases degradation I (anaerobic)"
"1470"	"P185-PWY"	"Degradation/Utilization/Assimilation"	"C1 Compound Utilization and Assimilation"	"P185-PWY"	"formaldehyde assimilation III (dihydroxyacetone cycle)"
"873"	"P23-PWY"	"Degradation/Utilization/Assimilation"	"C1 Compound Utilization and Assimilation"	"P23-PWY"	"reductive TCA cycle I"
"74"	"P4-PWY"	"Biosynthesis"	"Amino Acid Biosynthesis"	"P4-PWY"	"superpathway of L-lysine, L-threonine and L-methionine biosynthesis I"
"884"	"P42-PWY"	"Degradation/Utilization/Assimilation"	"C1 Compound Utilization and Assimilation"	"P42-PWY"	"incomplete reductive TCA cycle"
"886"	"P441-PWY"	"Degradation/Utilization/Assimilation"	"Carboxylate Degradation"	"P441-PWY"	"superpathway of N-acetylneuraminate degradation"
"1521"	"P461-PWY"	"Generation of Precursor Metabolite and Energy"	"Fermentation"	"P461-PWY"	"hexitol fermentation to lactate, formate, ethanol and acetate"
"892"	"P562-PWY"	"Degradation/Utilization/Assimilation"	"Secondary Metabolite Degradation"	"P562-PWY"	"myo-inositol degradation I"
"76"	"PANTO-PWY"	"Biosynthesis"	"Cofactor, Prosthetic Group, Electron Carrier, and Vitamin Biosynthesis"	"PANTO-PWY"	"phosphopantothenate biosynthesis I"
"77"	"PANTOSYN-PWY"	"Biosynthesis"	"Cofactor, Prosthetic Group, Electron Carrier, and Vitamin Biosynthesis"	"PANTOSYN-PWY"	"superpathway of coenzyme A biosynthesis I (bacteria)"
"1522"	"PENTOSE-P-PWY"	"Generation of Precursor Metabolite and Energy"	"Pentose Phosphate Pathways"	"PENTOSE-P-PWY"	"pentose phosphate pathway"
"78"	"PEPTIDOGLYCANSYN-PWY"	"Biosynthesis"	"Cell Structure Biosynthesis"	"PEPTIDOGLYCANSYN-PWY"	"peptidoglycan biosynthesis I (meso-diaminopimelate containing)"
"80"	"PHOSLIPSYN-PWY"	"Biosynthesis"	"Fatty Acid and Lipid Biosynthesis"	"PHOSLIPSYN-PWY"	"superpathway of phospholipid biosynthesis I (bacteria)"
"83"	"POLYAMSYN-PWY"	"Biosynthesis"	"Amine and Polyamine Biosynthesis"	"POLYAMSYN-PWY"	"superpathway of polyamine biosynthesis I"
"84"	"POLYISOPRENSYN-PWY"	"Biosynthesis"	"Cofactor, Prosthetic Group, Electron Carrier, and Vitamin Biosynthesis"	"POLYISOPRENSYN-PWY"	"polyisoprenoid biosynthesis (E. coli)"
"85"	"PPGPPMET-PWY"	"Biosynthesis"	"Metabolic Regulator Biosynthesis"	"PPGPPMET-PWY"	"ppGpp biosynthesis"
"1675"	"PRPP-PWY"	"Superpathways"	"superpathway of histidine, purine, and pyrimidine biosynthesis"	"PRPP-PWY"	"superpathway of histidine, purine, and pyrimidine biosynthesis"
"1642"	"PWY-1042"	"Generation of Precursor Metabolites and Energy"	"Glycolysis"	"PWY-1042"	"glycolysis IV"
"88"	"PWY-1269"	"Biosynthesis"	"Carbohydrate Biosynthesis"	"PWY-1269"	"CMP-3-deoxy-D-manno-octulosonate biosynthesis"
"927"	"PWY-1861"	"Degradation/Utilization/Assimilation"	"C1 Compound Utilization and Assimilation"	"PWY-1861"	"formaldehyde assimilation II (assimilatory RuMP Cycle)"
"1643"	"PWY-241"	"Generation of Precursor Metabolites and Energy"	"Photosynthesis"	"PWY-241"	"C4 photosynthetic carbon assimilation cycle, NADP-ME type"
"1475"	"PWY-2723"	"Degradation/Utilization/Assimilation"	"Carbohydrate Degradation"	"PWY-2723"	"trehalose degradation V"
"95"	"PWY-2941"	"Biosynthesis"	"Amino Acid Biosynthesis"	"PWY-2941"	"L-lysine biosynthesis II"
"96"	"PWY-2942"	"Biosynthesis"	"Amino Acid Biosynthesis"	"PWY-2942"	"L-lysine biosynthesis III"
"97"	"PWY-3001"	"Biosynthesis"	"Amino Acid Biosynthesis"	"PWY-3001"	"superpathway of L-isoleucine biosynthesis I"
"735"	"PWY-3841"	"Biosynthesis"	"Cofactor, Carrier, and Vitamin Biosynthesis"	"PWY-3841"	"folate transformations II (plants)"
"736"	"PWY-4041"	"Biosynthesis"	"Cofactor, Carrier, and Vitamin Biosynthesis"	"PWY-4041"	"γ-glutamyl cycle"
"1661"	"PWY-4242"	"pathway removed"	"pathway removed"	"PWY-4242"	"pathway removed"
"1477"	"PWY-4702"	"Degradation/Utilization/Assimilation"	"Secondary Metabolite Degradation"	"PWY-4702"	"phytate degradation I"
"NA.2"	"PWY-4981"	NA	NA	NA	NA
"957"	"PWY-4984"	"Degradation/Utilization/Assimilation"	"Inorganic Nutrient Metabolism"	"PWY-4984"	"urea cycle"
"118"	"PWY-5005"	"Biosynthesis"	"Cofactor, Prosthetic Group, Electron Carrier, and Vitamin Biosynthesis"	"PWY-5005"	"biotin biosynthesis II"
"1531"	"PWY-5022"	"Generation of Precursor Metabolite and Energy"	"Fermentation"	"PWY-5022"	"4-aminobutanoate degradation V"
"1472"	"PWY-5030"	"Degradation/Utilization/Assimilation"	"Amino Acid Degradation"	"PWY-5030"	"L-histidine degradation III"
"737"	"PWY-5083"	"Biosynthesis"	"Cofactor, Carrier, and Vitamin Biosynthesis"	"PWY-5083"	"NAD(P)/NADPH interconversion"
"130"	"PWY-5097"	"Biosynthesis"	"Amino Acid Biosynthesis"	"PWY-5097"	"L-lysine biosynthesis VI"
"1536"	"PWY-5100"	"Generation of Precursor Metabolite and Energy"	"Fermentation"	"PWY-5100"	"pyruvate fermentation to acetate and lactate II"
"131"	"PWY-5101"	"Biosynthesis"	"Amino Acid Biosynthesis"	"PWY-5101"	"L-isoleucine biosynthesis II"
"132"	"PWY-5103"	"Biosynthesis"	"Amino Acid Biosynthesis"	"PWY-5103"	"L-isoleucine biosynthesis III"
"133"	"PWY-5104"	"Biosynthesis"	"Amino Acid Biosynthesis"	"PWY-5104"	"L-isoleucine biosynthesis IV"
"136"	"PWY-5121"	"Biosynthesis"	"Secondary Metabolite Biosynthesis"	"PWY-5121"	"superpathway of geranylgeranyl diphosphate biosynthesis II (via MEP)"
"1471"	"PWY-5136"	"Degradation/Utilization/Assimilation"	"Fatty Acid and Lipid Degradation"	"PWY-5136"	"fatty acid β-oxidation II (plant peroxisome)"
"142"	"PWY-5154"	"Biosynthesis"	"Amino Acid Biosynthesis"	"PWY-5154"	"L-arginine biosynthesis III (via N-acetyl-L-citrulline)"
"1662"	"PWY-5173"	"pathway removed"	"pathway removed"	"PWY-5173"	"pathway removed"
"977"	"PWY-5177"	"Degradation/Utilization/Assimilation"	"Carboxylate Degradation"	"PWY-5177"	"glutaryl-CoA degradation"
"144"	"PWY-5188"	"Biosynthesis"	"Cofactor, Prosthetic Group, Electron Carrier, and Vitamin Biosynthesis"	"PWY-5188"	"tetrapyrrole biosynthesis I (from glutamate)"
"145"	"PWY-5189"	"Biosynthesis"	"Cofactor, Prosthetic Group, Electron Carrier, and Vitamin Biosynthesis"	"PWY-5189"	"tetrapyrrole biosynthesis II (from glycine)"
"1001"	"PWY-5304"	"Degradation/Utilization/Assimilation"	"Inorganic Nutrient Metabolism"	"PWY-5304"	"superpathway of sulfur oxidation (Acidianus ambivalens)"
"157"	"PWY-5345"	"Biosynthesis"	"Amino Acid Biosynthesis"	"PWY-5345"	"superpathway of L-methionine biosynthesis (by sulfhydrylation)"
"158"	"PWY-5347"	"Biosynthesis"	"Amino Acid Biosynthesis"	"PWY-5347"	"superpathway of L-methionine biosynthesis (transsulfuration)"
"NA.3"	"PWY-5367"	NA	NA	NA	NA
"1018"	"PWY-5384"	"Degradation/Utilization/Assimilation"	"Carbohydrate Degradation"	"PWY-5384"	"sucrose degradation IV (sucrose phosphorylase)"
"1648"	"PWY-5464"	"Generation of Precursor Metabolites and Energy"	""	"PWY-5464"	"superpathway of cytosolic glycolysis (plants), pyruvate dehydrogenase and TCA cycle"
"1551"	"PWY-5484"	"Generation of Precursor Metabolite and Energy"	"Glycolysis"	"PWY-5484"	"glycolysis II (from fructose 6-phosphate)"
"162"	"PWY-5505"	"Biosynthesis"	"Amino Acid Biosynthesis"	"PWY-5505"	"L-glutamate and L-glutamine biosynthesis"
"1649"	"PWY-561"	"Generation of Precursor Metabolites and Energy"	""	"PWY-561"	"superpathway of glyoxylate cycle and fatty acid degradation"
"178"	"PWY-5659"	"Biosynthesis"	"Carbohydrate Biosynthesis"	"PWY-5659"	"GDP-mannose biosynthesis"
"182"	"PWY-5667"	"Biosynthesis"	"Fatty Acid and Lipid Biosynthesis"	"PWY-5667"	"CDP-diacylglycerol biosynthesis I"
"1556"	"PWY-5676"	"Generation of Precursor Metabolite and Energy"	"Fermentation"	"PWY-5676"	"acetyl-CoA fermentation to butanoate II"
"187"	"PWY-5686"	"Biosynthesis"	"Nucleoside and Nucleotide Biosynthesis"	"PWY-5686"	"UMP biosynthesis I"
"1647"	"PWY-5690"	"Generation of Precursor Metabolites and Energy"	"TCA cycle"	"PWY-5690"	"TCA cycle II (plants and fungi)"
"1067"	"PWY-5695"	"Degradation/Utilization/Assimilation"	"Nucleoside and Nucleotide Degradation"	"PWY-5695"	"inosine 5.-phosphate degradation"
"1072"	"PWY-5705"	"Degradation/Utilization/Assimilation"	"Amine and Polyamine Degradation"	"PWY-5705"	"allantoin degradation to glyoxylate III"
"1650"	"PWY-5723"	"Generation of Precursor Metabolites and Energy"	""	"PWY-5723"	"Rubisco shunt"
"1663"	"PWY-5791"	"pathway removed"	"pathway removed"	"PWY-5791"	"pathway removed"
"213"	"PWY-5837"	"Biosynthesis"	"Cofactor, Prosthetic Group, Electron Carrier, and Vitamin Biosynthesis"	"PWY-5837"	"2-carboxy-1,4-naphthoquinol biosynthesis"
"214"	"PWY-5838"	"Biosynthesis"	"Cofactor, Prosthetic Group, Electron Carrier, and Vitamin Biosynthesis"	"PWY-5838"	"superpathway of menaquinol-8 biosynthesis I"
"216"	"PWY-5840"	"Biosynthesis"	"Cofactor, Prosthetic Group, Electron Carrier, and Vitamin Biosynthesis"	"PWY-5840"	"superpathway of menaquinol-7 biosynthesis"
"218"	"PWY-5845"	"Biosynthesis"	"Cofactor, Prosthetic Group, Electron Carrier, and Vitamin Biosynthesis"	"PWY-5845"	"superpathway of menaquinol-9 biosynthesis"
"220"	"PWY-5850"	"Biosynthesis"	"Cofactor, Prosthetic Group, Electron Carrier, and Vitamin Biosynthesis"	"PWY-5850"	"superpathway of menaquinol-6 biosynthesis I"
"224"	"PWY-5855"	"Biosynthesis"	"Cofactor, Prosthetic Group, Electron Carrier, and Vitamin Biosynthesis"	"PWY-5855"	"ubiquinol-7 biosynthesis (prokaryotic)"
"225"	"PWY-5856"	"Biosynthesis"	"Cofactor, Prosthetic Group, Electron Carrier, and Vitamin Biosynthesis"	"PWY-5856"	"ubiquinol-9 biosynthesis (prokaryotic)"
"226"	"PWY-5857"	"Biosynthesis"	"Cofactor, Prosthetic Group, Electron Carrier, and Vitamin Biosynthesis"	"PWY-5857"	"ubiquinol-10 biosynthesis (prokaryotic)"
"227"	"PWY-5860"	"Biosynthesis"	"Cofactor, Prosthetic Group, Electron Carrier, and Vitamin Biosynthesis"	"PWY-5860"	"superpathway of demethylmenaquinol-6 biosynthesis I"
"228"	"PWY-5861"	"Biosynthesis"	"Cofactor, Prosthetic Group, Electron Carrier, and Vitamin Biosynthesis"	"PWY-5861"	"superpathway of demethylmenaquinol-8 biosynthesis I"
"229"	"PWY-5862"	"Biosynthesis"	"Cofactor, Prosthetic Group, Electron Carrier, and Vitamin Biosynthesis"	"PWY-5862"	"superpathway of demethylmenaquinol-9 biosynthesis"
"230"	"PWY-5863"	"Biosynthesis"	"Cofactor, Prosthetic Group, Electron Carrier, and Vitamin Biosynthesis"	"PWY-5863"	"superpathway of phylloquinol biosynthesis"
"241"	"PWY-5896"	"Biosynthesis"	"Cofactor, Prosthetic Group, Electron Carrier, and Vitamin Biosynthesis"	"PWY-5896"	"superpathway of menaquinol-10 biosynthesis"
"242"	"PWY-5897"	"Biosynthesis"	"Cofactor, Prosthetic Group, Electron Carrier, and Vitamin Biosynthesis"	"PWY-5897"	"superpathway of menaquinol-11 biosynthesis"
"243"	"PWY-5898"	"Biosynthesis"	"Cofactor, Prosthetic Group, Electron Carrier, and Vitamin Biosynthesis"	"PWY-5898"	"superpathway of menaquinol-12 biosynthesis"
"244"	"PWY-5899"	"Biosynthesis"	"Cofactor, Prosthetic Group, Electron Carrier, and Vitamin Biosynthesis"	"PWY-5899"	"superpathway of menaquinol-13 biosynthesis"
"1559"	"PWY-5913"	"Generation of Precursor Metabolite and Energy"	"TCA cycle"	"PWY-5913"	"partial TCA cycle (obligate autotrophs)"
"251"	"PWY-5918"	"Biosynthesis"	"Cofactor, Prosthetic Group, Electron Carrier, and Vitamin Biosynthesis"	"PWY-5918"	"superpathay of heme b biosynthesis from glutamate"
"1090"	"PWY-5941"	"Degradation/Utilization/Assimilation"	"Polymeric Compound Degradation"	"PWY-5941"	"glycogen degradation II"
"269"	"PWY-5971"	"Biosynthesis"	"Fatty Acid and Lipid Biosynthesis"	"PWY-5971"	"palmitate biosynthesis II (bacteria and plants)"
"271"	"PWY-5973"	"Biosynthesis"	"Fatty Acid and Lipid Biosynthesis"	"PWY-5973"	"cis-vaccenate biosynthesis"
"278"	"PWY-5989"	"Biosynthesis"	"Fatty Acid and Lipid Biosynthesis"	"PWY-5989"	"stearate biosynthesis II (bacteria and plants)"
"287"	"PWY-6113"	"Biosynthesis"	"Fatty Acid and Lipid Biosynthesis"	"PWY-6113"	"superpathway of mycolate biosynthesis"
"290"	"PWY-6121"	"Biosynthesis"	"Nucleoside and Nucleotide Biosynthesis"	"PWY-6121"	"5-aminoimidazole ribonucleotide biosynthesis I"
"291"	"PWY-6122"	"Biosynthesis"	"Nucleoside and Nucleotide Biosynthesis"	"PWY-6122"	"5-aminoimidazole ribonucleotide biosynthesis II"
"292"	"PWY-6123"	"Biosynthesis"	"Nucleoside and Nucleotide Biosynthesis"	"PWY-6123"	"inosine-5.-phosphate biosynthesis I"
"NA.4"	"PWY-6124"	NA	NA	NA	NA
"293"	"PWY-6125"	"Biosynthesis"	"Nucleoside and Nucleotide Biosynthesis"	"PWY-6125"	"superpathway of guanosine nucleotides de novo biosynthesis II"
"294"	"PWY-6126"	"Biosynthesis"	"Nucleoside and Nucleotide Biosynthesis"	"PWY-6126"	"superpathway of adenosine nucleotides de novo biosynthesis II"
"303"	"PWY-6147"	"Biosynthesis"	"Cofactor, Prosthetic Group, Electron Carrier, and Vitamin Biosynthesis"	"PWY-6147"	"6-hydroxymethyl-dihydropterin diphosphate biosynthesis I"
"305"	"PWY-6151"	"Biosynthesis"	"Amino Acid Biosynthesis"	"PWY-6151"	"S-adenosyl-L-methionine cycle I"
"310"	"PWY-6163"	"Biosynthesis"	"Aromatic Compound Biosynthesis"	"PWY-6163"	"chorismate biosynthesis from 3-dehydroquinate"
"739"	"PWY-6168"	"Biosynthesis"	"Cofactor, Carrier, and Vitamin Biosynthesis"	"PWY-6168"	"flavin biosynthesis III (fungi)"
"1147"	"PWY-621"	"Degradation/Utilization/Assimilation"	"Carbohydrate Degradation"	"PWY-621"	"sucrose degradation III (sucrose invertase)"
"744"	"PWY-6270"	"Biosynthesis"	"Secondary Metabolite Biosynthesis"	"PWY-6270"	"isoprene biosynthesis I"
"321"	"PWY-6277"	"Biosynthesis"	"Nucleoside and Nucleotide Biosynthesis"	"PWY-6277"	"superpathway of 5-aminoimidazole ribonucleotide biosynthesis"
"325"	"PWY-6282"	"Biosynthesis"	"Fatty Acid and Lipid Biosynthesis"	"PWY-6282"	"palmitoleate biosynthesis I (from (5Z)-dodec-5-enoate)"
"326"	"PWY-6284"	"Biosynthesis"	"Fatty Acid and Lipid Biosynthesis"	"PWY-6284"	"superpathway of unsaturated fatty acids biosynthesis (E. coli)"
"327"	"PWY-6285"	"Biosynthesis"	"Fatty Acid and Lipid Biosynthesis"	"PWY-6285"	"superpathway of fatty acids biosynthesis (E. coli)"
"742"	"PWY-6305"	"Biosynthesis"	"Amine and Polyamine Biosynthesis"	"PWY-6305"	"superpathway of putrescine biosynthesis"
"1157"	"PWY-6317"	"Degradation/Utilization/Assimilation"	"Carbohydrate Degradation"	"PWY-6317"	"D-galactose degradation I (Leloir pathway)"
"1168"	"PWY-6353"	"Degradation/Utilization/Assimilation"	"Nucleoside and Nucleotide Degradation"	"PWY-6353"	"purine nucleotides degradation II (aerobic)"
"351"	"PWY-6385"	"Biosynthesis"	"Cell Structure Biosynthesis"	"PWY-6385"	"peptidoglycan biosynthesis III (mycobacteria)"
"352"	"PWY-6386"	"Biosynthesis"	"Cell Structure Biosynthesis"	"PWY-6386"	"UDP-N-acetylmuramoyl-pentapeptide biosynthesis II (lysine-containing)"
"353"	"PWY-6387"	"Biosynthesis"	"Cell Structure Biosynthesis"	"PWY-6387"	"UDP-N-acetylmuramoyl-pentapeptide biosynthesis I (meso-diaminopimelate containing)"
"371"	"PWY-6471"	"Biosynthesis"	"Cell Structure Biosynthesis"	"PWY-6471"	"peptidoglycan biosynthesis IV (Enterococcus faecium)"
"1185"	"PWY-6507"	"Degradation/Utilization/Assimilation"	"Secondary Metabolite Degradation"	"PWY-6507"	"4-deoxy-L-threo-hex-4-enopyranuronate degradation"
"379"	"PWY-6519"	"Biosynthesis"	"Cofactor, Prosthetic Group, Electron Carrier, and Vitamin Biosynthesis"	"PWY-6519"	"8-amino-7-oxononanoate biosynthesis I"
"1476"	"PWY-6527"	"Degradation/Utilization/Assimilation"	"Carbohydrate Degradation"	"PWY-6527"	"stachyose degradation"
"1478"	"PWY-6531"	"Degradation/Utilization/Assimilation"	"Secondary Metabolite Degradation"	"PWY-6531"	"mannitol cycle"
"382"	"PWY-6545"	"Biosynthesis"	"Nucleoside and Nucleotide Biosynthesis"	"PWY-6545"	"pyrimidine deoxyribonucleotides de novo biosynthesis III"
"NA.5"	"PWY-6549"	NA	NA	NA	NA
"1575"	"PWY-6588"	"Generation of Precursor Metabolite and Energy"	"Fermentation"	"PWY-6588"	"pyruvate fermentation to acetone"
"1576"	"PWY-6590"	"Generation of Precursor Metabolite and Energy"	"Fermentation"	"PWY-6590"	"superpathway of Clostridium acetobutylicum acidogenic fermentation"
"1473"	"PWY-6595"	"Degradation/Utilization/Assimilation"	"Nucleoside and Nucleotide Degradation"	"PWY-6595"	"superpathway of guanosine nucleotides degradation (plants)"
"1474"	"PWY-6606"	"Degradation/Utilization/Assimilation"	"Nucleoside and Nucleotide Degradation"	"PWY-6606"	"guanosine nucleotides degradation II"
"1206"	"PWY-6608"	"Degradation/Utilization/Assimilation"	"Nucleoside and Nucleotide Degradation"	"PWY-6608"	"guanosine nucleotides degradation III"
"394"	"PWY-6609"	"Biosynthesis"	"Nucleoside and Nucleotide Biosynthesis"	"PWY-6609"	"adenine and adenosine salvage III"
"397"	"PWY-6612"	"Biosynthesis"	"Cofactor, Prosthetic Group, Electron Carrier, and Vitamin Biosynthesis"	"PWY-6612"	"superpathway of tetrahydrofolate biosynthesis"
"406"	"PWY-6628"	"Biosynthesis"	"Amino Acid Biosynthesis"	"PWY-6628"	"superpathway of L-phenylalanine biosynthesis"
"407"	"PWY-6629"	"Biosynthesis"	"Amino Acid Biosynthesis"	"PWY-6629"	"superpathway of L-tryptophan biosynthesis"
"408"	"PWY-6630"	"Biosynthesis"	"Amino Acid Biosynthesis"	"PWY-6630"	"superpathway of L-tyrosine biosynthesis"
"1224"	"PWY-6690"	"Degradation/Utilization/Assimilation"	"Aromatic Compound Degradation"	"PWY-6690"	"cinnamate and 3-hydroxycinnamate degradation to 2-hydroxypentadienoate"
"1654"	"PWY-6700"	"Macromolecule Modification"	"Nucleic Acid Processing"	"PWY-6700"	"queuosine biosynthesis"
"426"	"PWY-6703"	"Biosynthesis"	"Secondary Metabolite Biosynthesis"	"PWY-6703"	"preQ0 biosynthesis"
"428"	"PWY-6708"	"Biosynthesis"	"Cofactor, Prosthetic Group, Electron Carrier, and Vitamin Biosynthesis"	"PWY-6708"	"ubiquinol-8 biosynthesis (prokaryotic)"
"1237"	"PWY-6737"	"Degradation/Utilization/Assimilation"	"Polymeric Compound Degradation"	"PWY-6737"	"starch degradation V"
"748"	"PWY-6803"	"Biosynthesis"	"Fatty Acid and Lipid Biosynthesis"	"PWY-6803"	"phosphatidylcholine acyl editing"
"441"	"PWY-6823"	"Biosynthesis"	"Cofactor, Prosthetic Group, Electron Carrier, and Vitamin Biosynthesis"	"PWY-6823"	"molybdenum cofactor biosynthesis"
"745"	"PWY-6859"	"Biosynthesis"	"Secondary Metabolite Biosynthesis"	"PWY-6859"	"all-trans-farnesol biosynthesis"
"449"	"PWY-6891"	"Biosynthesis"	"Cofactor, Prosthetic Group, Electron Carrier, and Vitamin Biosynthesis"	"PWY-6891"	"thiazole biosynthesis II (aerobic bacteria)"
"450"	"PWY-6892"	"Biosynthesis"	"Cofactor, Prosthetic Group, Electron Carrier, and Vitamin Biosynthesis"	"PWY-6892"	"thiazole biosynthesis I (facultative anaerobic bacteria)"
"453"	"PWY-6895"	"Biosynthesis"	"Cofactor, Prosthetic Group, Electron Carrier, and Vitamin Biosynthesis"	"PWY-6895"	"superpathway of thiamine diphosphate biosynthesis II"
"455"	"PWY-6897"	"Biosynthesis"	"Cofactor, Prosthetic Group, Electron Carrier, and Vitamin Biosynthesis"	"PWY-6897"	"thiamine salvage II"
"1262"	"PWY-6901"	"Degradation/Utilization/Assimilation"	"Carbohydrate Degradation"	"PWY-6901"	"superpathway of glucose and xylose degradation"
"NA.6"	"PWY-6936"	NA	NA	NA	NA
"1596"	"PWY-6969"	"Generation of Precursor Metabolite and Energy"	"TCA cycle"	"PWY-6969"	"TCA cycle V (2-oxoglutarate:ferredoxin oxidoreductase)"
"1598"	"PWY-7003"	"Generation of Precursor Metabolite and Energy"	"Fermentation"	"PWY-7003"	"glycerol degradation to butanol"
"1600"	"PWY-7013"	"Generation of Precursor Metabolite and Energy"	"Fermentation"	"PWY-7013"	"(S)-propane-1,2-diol degradation"
"1602"	"PWY-7111"	"Generation of Precursor Metabolite and Energy"	"Fermentation"	"PWY-7111"	"pyruvate fermentation to isobutanol (engineered)"
"1644"	"PWY-7115"	"Generation of Precursor Metabolites and Energy"	"Photosynthesis"	"PWY-7115"	"C4 photosynthetic carbon assimilation cycle, NAD-ME type"
"1645"	"PWY-7117"	"Generation of Precursor Metabolites and Energy"	"Photosynthesis"	"PWY-7117"	"C4 photosynthetic carbon assimilation cycle, PEPCK type"
"522"	"PWY-7184"	"Biosynthesis"	"Nucleoside and Nucleotide Biosynthesis"	"PWY-7184"	"pyrimidine deoxyribonucleotides de novo biosynthesis I"
"523"	"PWY-7187"	"Biosynthesis"	"Nucleoside and Nucleotide Biosynthesis"	"PWY-7187"	"pyrimidine deoxyribonucleotides de novo biosynthesis II"
"526"	"PWY-7196"	"Biosynthesis"	"Nucleoside and Nucleotide Biosynthesis"	"PWY-7196"	"superpathway of pyrimidine ribonucleosides salvage"
"527"	"PWY-7197"	"Biosynthesis"	"Nucleoside and Nucleotide Biosynthesis"	"PWY-7197"	"pyrimidine deoxyribonucleotide phosphorylation"
"528"	"PWY-7198"	"Biosynthesis"	"Nucleoside and Nucleotide Biosynthesis"	"PWY-7198"	"pyrimidine deoxyribonucleotides de novo biosynthesis IV"
"529"	"PWY-7199"	"Biosynthesis"	"Nucleoside and Nucleotide Biosynthesis"	"PWY-7199"	"pyrimidine deoxyribonucleosides salvage"
"740"	"PWY-7204"	"Biosynthesis"	"Cofactor, Carrier, and Vitamin Biosynthesis"	"PWY-7204"	"pyridoxal 5-phosphate salvage II (plants)
Biosynthesis	Cofactor, Carrier, and Vitamin Biosynthesis	PWY-7282	4-amino-2-methyl-5-diphosphomethylpyrimidine biosynthesis II
Biosynthesis	Cofactor, Carrier, and Vitamin Biosynthesis	PWY-7357	thiamine phosphate formation from pyrithiamine and oxythiamine (yeast)
Biosynthesis	Fatty Acid and Lipid Biosynthesis	PWY-5367	petroselinate biosynthesis
Biosynthesis	Fatty Acid and Lipid Biosynthesis	PWY-7388	octanoyl-[acyl-carrier protein] biosynthesis (mitochondria, yeast)
Biosynthesis	Amino Acid Biosynthesis	ARGININE-SYN4-PWY	L-ornithine biosynthesis II
Biosynthesis	Amino Acid Biosynthesis	PWY-6936	seleno-amino acid biosynthesis (plants)
Biosynthesis	Fatty Acid and Lipid Biosynthesis	PWY-7409	phospholipid remodeling (phosphatidylethanolamine, yeast)
Biosynthesis	Amino Acid Biosynthesis	METSYN-PWY	L-methionine De Novo Biosynthesis
Biosynthesis	Amino Acid Biosynthesis	PWY-4981	L-proline biosynthesis II (from arginine)
Biosynthesis	Amino Acid Biosynthesis	PWY-6549	L-glutamine biosynthesis III
Biosynthesis	Nucleoside and Nucleotide Biosynthesis	PWY-6124	inosine-5-phosphate biosynthesis II"
"532"	"PWY-7208"	"Biosynthesis"	"Nucleoside and Nucleotide Biosynthesis"	"PWY-7208"	"superpathway of pyrimidine nucleobases salvage"
"1320"	"PWY-7209"	"Degradation/Utilization/Assimilation"	"Nucleoside and Nucleotide Degradation"	"PWY-7209"	"superpathway of pyrimidine ribonucleosides degradation"
"533"	"PWY-7210"	"Biosynthesis"	"Nucleoside and Nucleotide Biosynthesis"	"PWY-7210"	"pyrimidine deoxyribonucleotides biosynthesis from CTP"
"534"	"PWY-7211"	"Biosynthesis"	"Nucleoside and Nucleotide Biosynthesis"	"PWY-7211"	"superpathway of pyrimidine deoxyribonucleotides de novo biosynthesis"
"537"	"PWY-7219"	"Biosynthesis"	"Nucleoside and Nucleotide Biosynthesis"	"PWY-7219"	"adenosine ribonucleotides de novo biosynthesis"
"538"	"PWY-7220"	"Biosynthesis"	"Nucleoside and Nucleotide Biosynthesis"	"PWY-7220"	"adenosine deoxyribonucleotides de novo biosynthesis II"
"539"	"PWY-7221"	"Biosynthesis"	"Nucleoside and Nucleotide Biosynthesis"	"PWY-7221"	"guanosine ribonucleotides de novo biosynthesis"
"540"	"PWY-7222"	"Biosynthesis"	"Nucleoside and Nucleotide Biosynthesis"	"PWY-7222"	"guanosine deoxyribonucleotides de novo biosynthesis II"
"544"	"PWY-7228"	"Biosynthesis"	"Nucleoside and Nucleotide Biosynthesis"	"PWY-7228"	"superpathway of guanosine nucleotides de novo biosynthesis I"
"545"	"PWY-7229"	"Biosynthesis"	"Nucleoside and Nucleotide Biosynthesis"	"PWY-7229"	"superpathway of adenosine nucleotides de novo biosynthesis I"
"546"	"PWY-7234"	"Biosynthesis"	"Nucleoside and Nucleotide Biosynthesis"	"PWY-7234"	"inosine-5.-phosphate biosynthesis III"
"1323"	"PWY-7237"	"Degradation/Utilization/Assimilation"	"Secondary Metabolite Degradation"	"PWY-7237"	"myo-, chiro- and scyllo-inositol degradation"
"1325"	"PWY-7242"	"Degradation/Utilization/Assimilation"	"Secondary Metabolite Degradation"	"PWY-7242"	"D-fructuronate degradation"
"746"	"PWY-724"	"Biosynthesis"	"Amino Acid Biosynthesis"	"PWY-724"	"superpathway of L-lysine, L-threonine and L-methionine biosynthesis II"
"1605"	"PWY-7254"	"Generation of Precursor Metabolite and Energy"	"TCA cycle"	"PWY-7254"	"TCA cycle VII (acetate-producers)"
"738"	"PWY-7269"	"Biosynthesis"	"Cofactor, Carrier, and Vitamin Biosynthesis"	"PWY-7269"	"mitochondrial NADPH production (yeast)"
"NA.7"	"PWY-7282"	NA	NA	NA	NA
"559"	"PWY-7315"	"Biosynthesis"	"Carbohydrate Biosynthesis"	"PWY-7315"	"dTDP-N-acetylthomosamine biosynthesis"
"563"	"PWY-7323"	"Biosynthesis"	"Carbohydrate Biosynthesis"	"PWY-7323"	"superpathway of GDP-mannose-derived O-antigen building blocks biosynthesis"
"564"	"PWY-7328"	"Biosynthesis"	"Carbohydrate Biosynthesis"	"PWY-7328"	"superpathway of UDP-glucose-derived O-antigen building blocks biosynthesis"
"NA.8"	"PWY-7357"	NA	NA	NA	NA
"1641"	"PWY-7383"	"Generation of Precursor Metabolites and Energy"	"Fermentation"	"PWY-7383"	"anaerobic energy metabolism (invertebrates, cytosol)"
"NA.9"	"PWY-7388"	NA	NA	NA	NA
"590"	"PWY-7392"	"Biosynthesis"	"Secondary Metabolite Biosynthesis"	"PWY-7392"	"taxadiene biosynthesis (engineered)"
"1338"	"PWY-7399"	"Degradation/Utilization/Assimilation"	"Inorganic Nutrient Metabolism"	"PWY-7399"	"methylphosphonate degradation II"
"593"	"PWY-7400"	"Biosynthesis"	"Amino Acid Biosynthesis"	"PWY-7400"	"L-arginine biosynthesis IV (archaebacteria)"
"NA.10"	"PWY-7409"	NA	NA	NA	NA
"1345"	"PWY-7446"	"Degradation/Utilization/Assimilation"	"Secondary Metabolite Degradation"	"PWY-7446"	"sulfoquinovose degradation I"
"1347"	"PWY-7456"	"Degradation/Utilization/Assimilation"	"Polymeric Compound Degradation"	"PWY-7456"	"beta-(1,4)-mannan degradation"
"622"	"PWY-7539"	"Biosynthesis"	"Cofactor, Prosthetic Group, Electron Carrier, and Vitamin Biosynthesis"	"PWY-7539"	"6-hydroxymethyl-dihydropterin diphosphate biosynthesis III (Chlamydia)"
"627"	"PWY-7560"	"Biosynthesis"	"Secondary Metabolite Biosynthesis"	"PWY-7560"	"methylerythritol phosphate pathway II"
"662"	"PWY-7663"	"Biosynthesis"	"Fatty Acid and Lipid Biosynthesis"	"PWY-7663"	"gondoate biosynthesis (anaerobic)"
"663"	"PWY-7664"	"Biosynthesis"	"Fatty Acid and Lipid Biosynthesis"	"PWY-7664"	"oleate biosynthesis IV (anaerobic)"
"747"	"PWY-821"	"Biosynthesis"	"Amino Acid Biosynthesis"	"PWY-821"	"superpathway of sulfur amino acid biosynthesis (Saccharomyces cerevisiae)"
"671"	"PWY-841"	"Biosynthesis"	"Nucleoside and Nucleotide Biosynthesis"	"PWY-841"	"superpathway of purine nucleotides de novo biosynthesis I"
"673"	"PWY-922"	"Biosynthesis"	"Secondary Metabolite Biosynthesis"	"PWY-922"	"mevalonate pathway I"
"676"	"PWY0-1061"	"Biosynthesis"	"Amino Acid Biosynthesis"	"PWY0-1061"	"superpathway of L-alanine biosynthesis"
"677"	"PWY0-1241"	"Biosynthesis"	"Carbohydrate Biosynthesis"	"PWY0-1241"	"ADP-L-glycero-beta-D-manno-heptose biosynthesis"
"1384"	"PWY0-1261"	"Degradation/Utilization/Assimilation"	"Secondary Metabolite Degradation"	"PWY0-1261"	"anhydromuropeptides recycling I"
"1385"	"PWY0-1277"	"Degradation/Utilization/Assimilation"	"Aromatic Compound Degradation"	"PWY0-1277"	"3-phenylpropanoate and 3-(3-hydroxyphenyl)propanoate degradation"
"1388"	"PWY0-1296"	"Degradation/Utilization/Assimilation"	"Nucleoside and Nucleotide Degradation"	"PWY0-1296"	"purine ribonucleosides degradation"
"1389"	"PWY0-1297"	"Degradation/Utilization/Assimilation"	"Nucleoside and Nucleotide Degradation"	"PWY0-1297"	"superpathway of purine deoxyribonucleosides degradation"
"1390"	"PWY0-1298"	"Degradation/Utilization/Assimilation"	"Nucleoside and Nucleotide Degradation"	"PWY0-1298"	"superpathway of pyrimidine deoxyribonucleosides degradation"
"681"	"PWY0-1319"	"Biosynthesis"	"Fatty Acid and Lipid Biosynthesis"	"PWY0-1319"	"CDP-diacylglycerol biosynthesis II"
"684"	"PWY0-1415"	"Biosynthesis"	"Cofactor, Prosthetic Group, Electron Carrier, and Vitamin Biosynthesis"	"PWY0-1415"	"superpathway of heme b biosynthesis from uroporphyrinogen-III"
"1410"	"PWY0-1533"	"Degradation/Utilization/Assimilation"	"Inorganic Nutrient Metabolism"	"PWY0-1533"	"methylphosphonate degradation I"
"687"	"PWY0-1586"	"Biosynthesis"	"Cell Structure Biosynthesis"	"PWY0-1586"	"peptidoglycan maturation (meso-diaminopimelate containing)"
"688"	"PWY0-162"	"Biosynthesis"	"Nucleoside and Nucleotide Biosynthesis"	"PWY0-162"	"superpathway of pyrimidine ribonucleotides de novo biosynthesis"
"689"	"PWY0-166"	"Biosynthesis"	"Nucleoside and Nucleotide Biosynthesis"	"PWY0-166"	"superpathway of pyrimidine deoxyribonucleotides de novo biosynthesis (E. coli)"
"1678"	"PWY0-781"	"Superpathways"	"aspartate superpathway"	"PWY0-781"	"aspartate superpathway"
"694"	"PWY0-845"	"Biosynthesis"	"Cofactor, Prosthetic Group, Electron Carrier, and Vitamin Biosynthesis"	"PWY0-845"	"superpathway of pyridoxal 5.-phosphate biosynthesis and salvage"
"695"	"PWY0-862"	"Biosynthesis"	"Fatty Acid and Lipid Biosynthesis"	"PWY0-862"	"(5Z)-dodecenoate biosynthesis I"
"705"	"PWY4FS-7"	"Biosynthesis"	"Fatty Acid and Lipid Biosynthesis"	"PWY4FS-7"	"phosphatidylglycerol biosynthesis I (plastidic)"
"706"	"PWY4FS-8"	"Biosynthesis"	"Fatty Acid and Lipid Biosynthesis"	"PWY4FS-8"	"phosphatidylglycerol biosynthesis II (non-plastidic)"
"1640"	"PWY4LZ-257"	"Generation of Precursor Metabolites and Energy"	"Fermentation"	"PWY4LZ-257"	"superpathway of fermentation (Chlamydomonas reinhardtii)"
"1646"	"PWY66-398"	"Generation of Precursor Metabolites and Energy"	"TCA cycle"	"PWY66-398"	"TCA cycle III (animals)"
"743"	"PWY66-399"	"Biosynthesis"	"Carbohydrate Biosynthesis"	"PWY66-399"	"gluconeogenesis III"
"1664"	"PWY66-400"	"pathway removed"	"pathway removed"	"PWY66-400"	"pathway removed"
"741"	"PWY66-409"	"Biosynthesis"	"Nucleoside and Nucleotide Biosynthesis"	"PWY66-409"	"superpathway of purine nucleotide salvage"
"1665"	"PWY66-422"	"pathway removed"	"pathway removed"	"PWY66-422"	"pathway removed"
"710"	"PWYG-321"	"Biosynthesis"	"Fatty Acid and Lipid Biosynthesis"	"PWYG-321"	"mycolate biosynthesis"
"712"	"PYRIDNUCSAL-PWY"	"Biosynthesis"	"Cofactor, Prosthetic Group, Electron Carrier, and Vitamin Biosynthesis"	"PYRIDNUCSAL-PWY"	"NAD salvage pathway I (PNC VI cycle)"
"713"	"PYRIDNUCSYN-PWY"	"Biosynthesis"	"Cofactor, Prosthetic Group, Electron Carrier, and Vitamin Biosynthesis"	"PYRIDNUCSYN-PWY"	"NAD de novo biosynthesis I (from aspartate)"
"714"	"PYRIDOXSYN-PWY"	"Biosynthesis"	"Cofactor, Prosthetic Group, Electron Carrier, and Vitamin Biosynthesis"	"PYRIDOXSYN-PWY"	"pyridoxal 5.-phosphate biosynthesis I"
"1637"	"REDCITCYC"	"Generation of Precursor Metabolite and Energy"	"TCA cycle"	"REDCITCYC"	"TCA cycle VIII (helicobacter)"
"1437"	"RHAMCAT-PWY"	"Degradation/Utilization/Assimilation"	"Carbohydrate Degradation"	"RHAMCAT-PWY"	"L-rhamnose degradation I"
"715"	"RIBOSYN2-PWY"	"Biosynthesis"	"Cofactor, Prosthetic Group, Electron Carrier, and Vitamin Biosynthesis"	"RIBOSYN2-PWY"	"flavin biosynthesis I (bacteria and plants)"
"1440"	"RUMP-PWY"	"Degradation/Utilization/Assimilation"	"C1 Compound Utilization and Assimilation"	"RUMP-PWY"	"formaldehyde oxidation I"
"1441"	"SALVADEHYPOX-PWY"	"Degradation/Utilization/Assimilation"	"Nucleoside and Nucleotide Degradation"	"SALVADEHYPOX-PWY"	"adenosine nucleotides degradation II"
"718"	"SER-GLYSYN-PWY"	"Biosynthesis"	"Amino Acid Biosynthesis"	"SER-GLYSYN-PWY"	"superpathway of L-serine and glycine biosynthesis I"
"1444"	"SO4ASSIM-PWY"	"Degradation/Utilization/Assimilation"	"Inorganic Nutrient Metabolism"	"SO4ASSIM-PWY"	"assimilatory sulfate reduction I"
"1448"	"SULFATE-CYS-PWY"	"Degradation/Utilization/Assimilation"	"Inorganic Nutrient Metabolism"	"SULFATE-CYS-PWY"	"superpathway of sulfate assimilation and cysteine biosynthesis"
"1639"	"TCA-GLYOX-BYPASS"	"Generation of Precursor Metabolite and Energy"	"TCA cycle"	"TCA-GLYOX-BYPASS"	"superpathway of glyoxylate bypass and TCA"
"1638"	"TCA"	"Generation of Precursor Metabolite and Energy"	"TCA cycle"	"TCA"	"TCA cycle I (prokaryotic)"
"723"	"THISYN-PWY"	"Biosynthesis"	"Cofactor, Prosthetic Group, Electron Carrier, and Vitamin Biosynthesis"	"THISYN-PWY"	"superpathway of thiamine diphosphate biosynthesis I"
"1666"	"THISYNARA-PWY"	"pathway removed"	"pathway removed"	"THISYNARA-PWY"	"pathway removed"
"724"	"THRESYN-PWY"	"Biosynthesis"	"Amino Acid Biosynthesis"	"THRESYN-PWY"	"superpathway of L-threonine biosynthesis"
"727"	"TRNA-CHARGING-PWY"	"Biosynthesis"	"Aminoacyl-tRNA Charging"	"TRNA-CHARGING-PWY"	"tRNA charging"
"729"	"TRPSYN-PWY"	"Biosynthesis"	"Amino Acid Biosynthesis"	"TRPSYN-PWY"	"L-tryptophan biosynthesis"
"731"	"UBISYN-PWY"	"Biosynthesis"	"Cofactor, Prosthetic Group, Electron Carrier, and Vitamin Biosynthesis"	"UBISYN-PWY"	"superpathway of ubiquinol-8 biosynthesis (prokaryotic)"
"732"	"UDPNAGSYN-PWY"	"Biosynthesis"	"Carbohydrate Biosynthesis"	"UDPNAGSYN-PWY"	"UDP-N-acetyl-D-glucosamine biosynthesis I"
"733"	"VALSYN-PWY"	"Biosynthesis"	"Amino Acid Biosynthesis"	"VALSYN-PWY"	"L-valine biosynthesis"
